ID,Product Name,Description,Product Tags,Platform
1,Shopify,An ecommerce platform that allows you to create and manage an online store. Great for setting up a pet food store.,"ecommerce, online store, pet food",Ruby on Rails
2,Magento,A powerful ecommerce solution with a lot of customization options. Ideal for a pet food shop with extensive product catalogs.,"ecommerce, customizable, pet food",PHP
3,WooCommerce,A WordPress plugin that turns your site into a full-featured ecommerce store. Perfect for selling pet food.,"ecommerce, WordPress, pet food",WordPress
4,PrestaShop,An open-source ecommerce platform with a wide range of features. Good for creating a pet food shop.,"ecommerce, open-source, pet food",PHP
5,BigCommerce,A cloud-based ecommerce solution for building and managing online stores. Suitable for a pet food store.,"ecommerce, cloud-based, pet food",SaaS
6,Drupal Commerce,An ecommerce module for Drupal that provides advanced features for online stores. Ideal for pet food ecommerce.,"ecommerce, Drupal, pet food",Drupal
7,Joomla VirtueMart,An ecommerce extension for Joomla that allows you to set up an online store. Useful for a pet food shop.,"ecommerce, Joomla, pet food",Joomla
8,osCommerce,An open-source ecommerce solution with a large user base. Good for setting up a pet food store.,"ecommerce, open-source, pet food",PHP
9,OpenCart,A user-friendly open-source ecommerce platform that supports various store types. Great for a pet food shop.,"ecommerce, open-source, pet food",PHP
10,Zencart,An open-source ecommerce shopping cart system that offers many features for online stores. Suitable for pet food sales.,"ecommerce, open-source, pet food",PHP
11,Wix,A cloud-based website builder with ecommerce functionality. Ideal for small to medium-sized pet food stores.,"website builder, ecommerce, cloud-based",SaaS
12,Squarespace,A website builder with integrated ecommerce tools. Suitable for creating and managing an online pet food store.,"website builder, ecommerce, customizable",SaaS
13,Weebly,A website builder with ecommerce capabilities. Good for setting up a pet food store with ease.,"website builder, ecommerce, user-friendly",SaaS
14,Odoo,An open-source suite of business applications including ecommerce. Great for a pet food store with additional business management features.,"ecommerce, open-source, business management",Python
15,ECWid,A versatile ecommerce platform that integrates with any website. Ideal for adding a pet food store to an existing site.,"ecommerce, integration, versatile",JavaScript
16,VirtueMart,"An ecommerce solution for Joomla, offering flexibility and customization for pet food stores.","ecommerce, Joomla, flexible",Joomla
17,Spree Commerce,"An open-source ecommerce platform built with Ruby on Rails, offering customization and scalability.","ecommerce, open-source, scalable",Ruby on Rails
18,Solidus,"A flexible, open-source ecommerce platform built with Ruby on Rails, designed for high-performance online stores.","ecommerce, open-source, high-performance",Ruby on Rails
19,Reaction Commerce,"An open-source, real-time commerce platform built with Node.js and MongoDB, suitable for modern ecommerce needs.","ecommerce, real-time, open-source",Node.js
20,Gatsby,"A modern site generator that can be used with ecommerce plugins to create a fast, static online store for pet food.","static site, ecommerce, modern",JavaScript
21,Commerce Cloud,A cloud-based ecommerce platform from Salesforce with extensive customization and integration capabilities.,"ecommerce, cloud-based, Salesforce",SaaS
22,3dcart,An all-in-one ecommerce platform with a range of features for creating and managing online stores.,"ecommerce, all-in-one, features",SaaS
23,NopCommerce,An open-source ecommerce solution with a wide range of features and a flexible design.,"ecommerce, open-source, flexible",ASP.NET
24,Jigoshop,A WordPress plugin for ecommerce that offers a range of features for managing online stores.,"ecommerce, WordPress, plugin",WordPress
25,AbanteCart,An open-source ecommerce solution with a variety of features and extensions.,"ecommerce, open-source, extensions",PHP
26,OpenWebAnalytics,An open-source web analytics platform that can be integrated with ecommerce stores for tracking and analysis.,"analytics, open-source, integration",PHP
27,Kibo Commerce,A cloud-based ecommerce platform offering personalized experiences and comprehensive management tools.,"ecommerce, cloud-based, personalized",SaaS
28,Nexcess,"A hosting provider offering specialized services for ecommerce websites, including optimized performance.","hosting, ecommerce, performance",SaaS
29,X-Cart,"A flexible, open-source ecommerce platform with a range of features and customization options.","ecommerce, open-source, flexible",PHP
30,ZenCart,"A user-friendly, open-source ecommerce shopping cart system with extensive features.","ecommerce, open-source, user-friendly",PHP
